iter	Accuracy	MultiClass
0	0.5250607944	1.674396518
1	0.5313428803	1.58906221
2	0.531275331	1.524061829
3	0.5463388273	1.467963212
4	0.5498513915	1.421969017
5	0.551269927	1.383988782
6	0.5541069981	1.348996468
7	0.5576195623	1.32165624
8	0.5589705485	1.296646174
9	0.5582275061	1.274038593
